期次,偿还本息（元）,偿还本金（元）,偿还利息（元）
1,8632.403840993726,8085.737174327059,546.666666666667
2,8632.403840993726,8129.9392042133795,502.46463678034615
3,8632.403840993726,8174.382871863081,458.0209691306445
4,8632.403840993726,8219.069498229266,413.3343427644595
5,8632.403840993726,8264.000411486253,368.40342950747254
6,8632.403840993726,8309.176947069045,323.22689392468055
7,8632.403840993726,8354.600447713023,277.80339328070295
8,8632.403840993726,8400.272263493855,232.13157749987113
9,8632.403840993726,8446.193751867622,186.2100891261034
10,8632.403840993726,8492.366277711164,140.03756328256168
11,8632.403840993726,8538.791213362654,93.61262763107152
12,8632.403840993726,8585.46993866237,46.93390233135506
